Afghanistan,AF,Persian,fa,17000000,0.50000
Afghanistan,AF,Pashto,ps,15000000,0.43000
Afghanistan,AF,Hazaragi,haz,2100000,0.05900
Afghanistan,AF,Uzbek (Arabic),uz_Arab,1600000,0.04700
Afghanistan,AF,Turkmen,tk,590000,0.01700
Afghanistan,AF,Parsi-Dari,prd,420000,0.01200
Afghanistan,AF,Baluchi,bal,230000,0.00670
Afghanistan,AF,Western Balochi,bgn,220000,0.00630
Afghanistan,AF,Uyghur,ug,3000,0.00009
Afghanistan,AF,Kazakh (Arabic),kk_Arab,2000,0.00006
Åland Islands,AX,Swedish,sv,26000,0.99000
Albania,AL,Albanian,sq,3100000,1.00000
Albania,AL,Greek,el,58000,0.01900
Albania,AL,Macedonian,mk,14000,0.00470
Algeria,DZ,Algerian Arabic,arq,35000000,0.83000
Algeria,DZ,Arabic,ar,31000000,0.74000
Algeria,DZ,French,fr,8300000,0.20000
Algeria,DZ,Kabyle,kab,3200000,0.07800
Algeria,DZ,English,en,2900000,0.07000
American Samoa,AS,Samoan,sm,50000,0.99000
American Samoa,AS,English,en,49000,0.97000
Andorra,AD,Catalan,ca,44000,0.51000
Andorra,AD,Spanish,es,37000,0.43000
Andorra,AD,French,fr,5700,0.06700
Angola,AO,Portuguese,pt,20000000,0.67000
Angola,AO,Umbundu,umb,8800000,0.29000
Angola,AO,Kimbundu,kmb,7600000,0.25000
Angola,AO,Lingala,ln,200000,0.00670
Anguilla,AI,English,en,17000,0.95000
Antarctica,AQ,Unknown language,und,300,1.00000
Antigua & Barbuda,AG,English,en,82000,0.86000
Antigua & Barbuda,AG,Portuguese,pt,1600,0.01700
Argentina,AR,Spanish,es,45000000,1.00000
Argentina,AR,English,en,3100000,0.07000
Argentina,AR,Welsh,cy,29000,0.00065
Argentina,AR,Guarani,gn,21000,0.00047
Armenia,AM,Armenian,hy,3000000,0.98000
Armenia,AM,Kurdish,ku,100000,0.03300
Aruba,AW,Dutch,nl,110000,0.97000
Aruba,AW,Papiamento,pap,71000,0.61000
Aruba,AW,English,en,3000,0.02600
Ascension Island,AC,English,en,930,0.99000
Australia,AU,English,en,23000000,0.96000
Australia,AU,Traditional Chinese,zh_Hant,490000,0.02100
Australia,AU,Italian,it,450000,0.01900
Australia,AU,Warlpiri,wbp,2600,0.00011
Austria,AT,German,de,8500000,0.97000
Austria,AT,Bavarian,bar,8400000,0.95000
Austria,AT,English,en,6400000,0.73000
Austria,AT,French,fr,970000,0.11000
Austria,AT,Italian,it,790000,0.09000
Austria,AT,Croatian,hr,110000,0.01200
Austria,AT,Slovenian,sl,33000,0.00370
Austria,AT,Hungarian,hu,24000,0.00270
Azerbaijan,AZ,Azerbaijani,az,8900000,0.89000
Azerbaijan,AZ,Azerbaijani (Cyrillic),az_Cyrl,990000,0.09900
Azerbaijan,AZ,Talysh,tly,980000,0.09800
Azerbaijan,AZ,Kurdish,ku,24000,0.00240
Azerbaijan,AZ,Muslim Tat,ttt,22000,0.00220
Azerbaijan,AZ,Tsakhur,tkr,16000,0.00160
Bahamas,BS,English,en,330000,1.00000
Bahrain,BH,Arabic,ar,1300000,0.87000
Bahrain,BH,Malayalam,ml,48000,0.03300
Bangladesh,BD,Bangla,bn,160000000,0.98000
Bangladesh,BD,English,en,29000000,0.18000
Bangladesh,BD,Rangpuri,rkt,10000000,0.06500
Bangladesh,BD,Sylheti,syl,8000000,0.05000
Bangladesh,BD,Chakma,ccp,350000,0.00220
Bangladesh,BD,Burmese,my,330000,0.00210
Bangladesh,BD,Garo,grt,120000,0.00073
Bangladesh,BD,Mru,mro,29000,0.00018
Bangladesh,BD,Manipuri,mni,18000,0.00011
Barbados,BB,English,en,290000,1.00000
Belarus,BY,Belarusian,be,9500000,1.00000
Belarus,BY,Russian,ru,1100000,0.12000
Belgium,BE,English,en,6800000,0.59000
Belgium,BE,Dutch,nl,6400000,0.55000
Belgium,BE,French,fr,4400000,0.38000
Belgium,BE,German,de,2500000,0.22000
Belgium,BE,West Flemish,vls,1200000,0.10000
Belgium,BE,Walloon,wa,670000,0.05800
Belize,BZ,English,en,390000,1.00000
Belize,BZ,Spanish,es,110000,0.28000
Benin,BJ,French,fr,4000000,0.35000
Benin,BJ,Fon,fon,2800000,0.25000
Benin,BJ,Yoruba,yo,760000,0.06700
Bermuda,BM,English,en,65000,0.92000
Bhutan,BT,Dzongkha,dz,360000,0.47000
Bhutan,BT,Nepali,ne,130000,0.17000
Bhutan,BT,Tshangla,tsj,110000,0.15000
Bhutan,BT,English,en,84000,0.11000
Bhutan,BT,Lepcha,lep,30000,0.03900
Bolivia,BO,Spanish,es,6900000,0.61000
Bolivia,BO,Quechua,qu,3600000,0.32000
Bolivia,BO,Aymara,ay,2300000,0.20000
Bolivia,BO,Guarani,gn,51000,0.00450
Bolivia,BO,Araona,aro,110,0.00001
Bosnia & Herzegovina,BA,Bosnian,bs,3800000,0.99000
Bosnia & Herzegovina,BA,Bosnian (Cyrillic),bs_Cyrl,3800000,0.99000
Bosnia & Herzegovina,BA,English,en,1700000,0.45000
Bosnia & Herzegovina,BA,Croatian,hr,460000,0.12000
Bosnia & Herzegovina,BA,Serbian,sr,380000,0.10000
Bosnia & Herzegovina,BA,Serbian (Latin),sr_Latn,380000,0.10000
Botswana,BW,English,en,1800000,0.81000
Botswana,BW,Tswana,tn,1400000,0.62000
Botswana,BW,Afrikaans,af,6100,0.00270
Bouvet Island,BV,Unknown language,und,1,1.00000
Brazil,BR,Portuguese,pt,190000000,0.91000
Brazil,BR,English,en,17000000,0.08000
Brazil,BR,German,de,1800000,0.00840
Brazil,BR,Italian,it,580000,0.00280
Brazil,BR,Japanese,ja,440000,0.00210
Brazil,BR,Spanish,es,77000,0.00037
Brazil,BR,Korean,ko,44000,0.00021
Brazil,BR,Kaingang,kgp,21000,0.00010
Brazil,BR,Guajajára,gub,18000,0.00008
Brazil,BR,Nheengatu,yrl,11000,0.00005
Brazil,BR,Xavánte,xav,10000,0.00005
British Virgin Islands,VG,English,en,35000,0.98000
Brunei,BN,Malay,ms,420000,0.93000
Brunei,BN,Traditional Chinese,zh_Hant,50000,0.11000
Brunei,BN,Malay (Arabic),ms_Arab,23000,0.05000
Brunei,BN,English,en,8100,0.01800
Bulgaria,BG,Bulgarian,bg,7100000,1.00000
Bulgaria,BG,English,en,1800000,0.25000
Bulgaria,BG,Russian,ru,1600000,0.23000
Bulgaria,BG,Turkish,tr,780000,0.11000
Bulgaria,BG,German,de,560000,0.08000
Burkina Faso,BF,Mossi,mos,7900000,0.40000
Burkina Faso,BF,Dyula,dyu,6300000,0.32000
Burkina Faso,BF,French,fr,4300000,0.22000
Burundi,BI,Rundi,rn,7500000,0.63000
Burundi,BI,French,fr,7000000,0.59000
Burundi,BI,Swahili,sw,6400,0.00054
Burundi,BI,English,en,6300,0.00053
Cambodia,KH,Khmer,km,15000000,0.89000
Cambodia,KH,Western Cham,cja,260000,0.01600
Cambodia,KH,Kuy,kdt,18000,0.00110
Cameroon,CM,French,fr,17000000,0.68000
Cameroon,CM,English,en,9700000,0.38000
Cameroon,CM,Bulu,bum,1200000,0.04600
Cameroon,CM,Fulah,ff,920000,0.03600
Cameroon,CM,Ewondo,ewo,790000,0.03100
Cameroon,CM,Yemba,ybb,410000,0.01600
Cameroon,CM,Ghomala,bbj,360000,0.01400
Cameroon,CM,Ngiemboon,nnh,360000,0.01400
Cameroon,CM,Kom,bkm,330000,0.01300
Cameroon,CM,Basaa,bas,310000,0.01200
Cameroon,CM,Bamun,bax,310000,0.01200
Cameroon,CM,Medumba,byv,280000,0.01100
Cameroon,CM,Mundang,mua,260000,0.01000
Cameroon,CM,Mafa,maf,190000,0.00740
Cameroon,CM,Bafut,bfd,150000,0.00570
Cameroon,CM,Akoose,bss,140000,0.00540
Cameroon,CM,Kako,kkj,140000,0.00540
Cameroon,CM,Duala,dua,120000,0.00480
Cameroon,CM,Metaʼ,mgo,120000,0.00470
Cameroon,CM,Arabic,ar,100000,0.00390
Cameroon,CM,Ngomba,jgo,87000,0.00340
Cameroon,CM,Bafia,ksf,82000,0.00320
Cameroon,CM,Aghem,agq,36000,0.00140
Cameroon,CM,Hausa (Arabic),ha_Arab,36000,0.00140
Cameroon,CM,Kwasio,nmg,9000,0.00035
Cameroon,CM,Yangben,yav,2300,0.00009
Canada,CA,English,en,31000000,0.86000
Canada,CA,French,fr,7900000,0.22000
Canada,CA,Italian,it,720000,0.02000
Canada,CA,German,de,680000,0.01900
Canada,CA,Plautdietsch,pdt,86000,0.00240
Canada,CA,Cree,cr,39000,0.00110
Canada,CA,Plains Cree,crk,39000,0.00110
Canada,CA,Yiddish,yi,16000,0.00045
Canada,CA,Inuktitut,iu,15000,0.00042
Canada,CA,Inuktitut (Latin),iu_Latn,15000,0.00042
Canada,CA,Montagnais,moe,12000,0.00033
Canada,CA,Southern East Cree,crj,7200,0.00020
Canada,CA,Atikamekw,atj,5700,0.00016
Canada,CA,Northern East Cree,crl,5400,0.00015
Canada,CA,Swampy Cree,csw,5000,0.00014
Canada,CA,Moose Cree,crm,4700,0.00013
Canada,CA,Inuinnaqtun,ikt,3900,0.00011
Canada,CA,Mohawk,moh,3500,0.00010
Canada,CA,Dogrib,dgr,2700,0.00007
Canada,CA,Slave,den,2300,0.00006
Canada,CA,North Slavey,scs,1300,0.00004
Canada,CA,Naskapi,nsk,1200,0.00003
Canada,CA,Chipewyan,chp,750,0.00002
Canada,CA,Gwichʼin,gwi,570,0.00002
Canary Islands,IC,Spanish,es,2100000,0.98000
Cape Verde,CV,Kabuverdianu,kea,520000,0.91000
Cape Verde,CV,Portuguese,pt,430000,0.76000
Caribbean Netherlands,BQ,Papiamento,pap,16000,0.81000
Caribbean Netherlands,BQ,Dutch,nl,1600,0.08000
Cayman Islands,KY,English,en,58000,0.98000
Central African Republic,CF,French,fr,2800000,0.49000
Central African Republic,CF,Sango,sg,2800000,0.49000
Central African Republic,CF,Lingala,ln,14000,0.00240
Ceuta & Melilla,EA,Spanish,es,150000,0.98000
Chad,TD,French,fr,4100000,0.26000
Chad,TD,Arabic,ar,2700000,0.17000
Chile,CL,Spanish,es,18000000,0.98000
Chile,CL,English,en,1700000,0.09500
Chile,CL,Mapuche,arn,270000,0.01500
China,CN,Chinese,zh,1200000000,0.90000
China,CN,Wu Chinese,wuu,83000000,0.06000
China,CN,Cantonese (Simplified),yue_Hans,72000000,0.05200
China,CN,Xiang Chinese,hsn,40000000,0.02900
China,CN,Hakka Chinese,hak,32000000,0.02300
China,CN,Min Nan Chinese,nan,26000000,0.01900
China,CN,Gan Chinese,gan,24000000,0.01700
China,CN,Sichuan Yi,ii,8300000,0.00600
China,CN,Uyghur,ug,7600000,0.00550
China,CN,Zhuang,za,4300000,0.00310
China,CN,Mongolian (Mongolian),mn_Mong,3600000,0.00260
China,CN,Tibetan,bo,2800000,0.00200
China,CN,Korean,ko,2100000,0.00150
China,CN,Kazakh (Arabic),kk_Arab,1200000,0.00086
China,CN,Lisu,lis,620000,0.00045
China,CN,Kyrgyz (Arabic),ky_Arab,470000,0.00034
China,CN,Naxi,nxq,330000,0.00024
China,CN,Lü,khb,260000,0.00019
China,CN,Tai Nüa,tdd,260000,0.00019
China,CN,Western Lawa,lcp,80000,0.00006
China,CN,English,en,62000,0.00005
China,CN,Russian,ru,14000,0.00001
China,CN,Vietnamese,vi,6900,0.00001
Christmas Island,CX,English,en,1400,0.63000
Clipperton Island,CP,Unknown language,und,1,1.00000
Cocos (Keeling) Islands,CC,Malay (Arabic),ms_Arab,490,0.83000
Cocos (Keeling) Islands,CC,English,en,100,0.17000
Colombia,CO,Spanish,es,45000000,0.93000
Colombia,CO,Wayuu,guc,130000,0.00270
Comoros,KM,Arabic,ar,540000,0.66000
Comoros,KM,French,fr,460000,0.56000
Comoros,KM,Ngazidja Comorian,zdj,300000,0.37000
Comoros,KM,Ndzwani Comorian,wni,280000,0.34000
Congo - Brazzaville,CG,French,fr,4300000,0.84000
Congo - Brazzaville,CG,Lingala,ln,120000,0.02400
Congo - Kinshasa,CD,Swahili,sw,43000000,0.50000
Congo - Kinshasa,CD,Luba-Lulua,lua,8200000,0.09600
Congo - Kinshasa,CD,French,fr,3200000,0.03800
Congo - Kinshasa,CD,Lingala,ln,2600000,0.03100
Congo - Kinshasa,CD,Luba-Katanga,lu,2000000,0.02300
Congo - Kinshasa,CD,Kongo,kg,1300000,0.01500
Congo - Kinshasa,CD,Mongo,lol,520000,0.00610
Congo - Kinshasa,CD,Kinyarwanda,rw,320000,0.00380
Cook Islands,CK,English,en,8900,0.98000
Costa Rica,CR,Spanish,es,4700000,0.95000
Côte d’Ivoire,CI,French,fr,13000000,0.49000
Côte d’Ivoire,CI,Baoulé,bci,2900000,0.11000
Côte d’Ivoire,CI,Cebaara Senoufo,sef,1100000,0.04300
Côte d’Ivoire,CI,Dan,dnj,1100000,0.04000
Côte d’Ivoire,CI,Koro,kfo,60000,0.00230
Côte d’Ivoire,CI,Koro Wachi,bqv,45000,0.00170
Croatia,HR,Croatian,hr,4200000,0.99000
Croatia,HR,English,en,2100000,0.49000
Croatia,HR,Italian,it,68000,0.01600
Cuba,CU,Spanish,es,11000000,1.00000
Curaçao,CW,Papiamento,pap,120000,0.81000
Curaçao,CW,Dutch,nl,12000,0.08000
Curaçao,CW,Spanish,es,5700,0.03800
Cyprus,CY,Greek,el,1200000,0.95000
Cyprus,CY,English,en,900000,0.73000
Cyprus,CY,Turkish,tr,280000,0.23000
Cyprus,CY,French,fr,87000,0.07000
Cyprus,CY,Armenian,hy,2700,0.00220
Cyprus,CY,Arabic,ar,1400,0.00110
Czechia,CZ,Czech,cs,10000000,0.98000
Czechia,CZ,English,en,2900000,0.27000
Czechia,CZ,Slovak,sk,1700000,0.16000
Czechia,CZ,German,de,1600000,0.15000
Czechia,CZ,Polish,pl,52000,0.00490
Denmark,DK,Danish,da,5400000,0.93000
Denmark,DK,English,en,5000000,0.86000
Denmark,DK,German,de,2700000,0.47000
Denmark,DK,Swedish,sv,760000,0.13000
Denmark,DK,Faroese,fo,22000,0.00380
Denmark,DK,Kalaallisut,kl,7000,0.00120
Diego Garcia,DG,English,en,500,0.99000
Djibouti,DJ,Afar,aa,370000,0.42000
Djibouti,DJ,Somali,so,360000,0.41000
Djibouti,DJ,Arabic,ar,65000,0.07300
Djibouti,DJ,French,fr,19000,0.02100
Dominica,DM,English,en,70000,0.94000
Dominican Republic,DO,Spanish,es,8000000,0.78000
Dominican Republic,DO,English,en,8000,0.00078
Ecuador,EC,Spanish,es,16000000,0.96000
Ecuador,EC,Quechua,qu,2800000,0.17000
Ecuador,EC,Chimborazo Highland Quichua,qug,940000,0.05700
Egypt,EG,Arabic,ar,93000000,0.94000
Egypt,EG,Egyptian Arabic,arz,64000000,0.64000
Egypt,EG,English,en,35000000,0.35000
Egypt,EG,Greek,el,61000,0.00061
El Salvador,SV,Spanish,es,5500000,0.89000
Equatorial Guinea,GQ,Spanish,es,690000,0.87000
Equatorial Guinea,GQ,Fang,fan,410000,0.51000
Equatorial Guinea,GQ,French,fr,70000,0.08800
Equatorial Guinea,GQ,Bube,bvb,63000,0.07900
Eritrea,ER,Tigrinya,ti,3600000,0.60000
Eritrea,ER,English,en,3500000,0.59000
Eritrea,ER,Tigre,tig,1100000,0.18000
Eritrea,ER,Arabic,ar,290000,0.04900
Eritrea,ER,Afar,aa,210000,0.03600
Eritrea,ER,Saho,ssy,210000,0.03600
Eritrea,ER,Blin,byn,78000,0.01300
Estonia,EE,Estonian,et,880000,0.71000
Estonia,EE,Russian,ru,700000,0.56000
Estonia,EE,English,en,620000,0.50000
Estonia,EE,Finnish,fi,260000,0.21000
Estonia,EE,Võro,vro,71000,0.05700
Eswatini,SZ,English,en,870000,0.80000
Eswatini,SZ,Swati,ss,630000,0.58000
Eswatini,SZ,Zulu,zu,74000,0.06800
Eswatini,SZ,Tsonga,ts,18000,0.01700
Ethiopia,ET,English,en,47000000,0.43000
Ethiopia,ET,Amharic,am,36000000,0.33000
Ethiopia,ET,Oromo,om,35000000,0.32000
Ethiopia,ET,Somali,so,6500000,0.06000
Ethiopia,ET,Tigrinya,ti,6500000,0.06000
Ethiopia,ET,Sidamo,sid,3800000,0.03500
Ethiopia,ET,Wolaytta,wal,2000000,0.01800
Ethiopia,ET,Afar,aa,1500000,0.01400
Falkland Islands,FK,English,en,2800,0.88000
Faroe Islands,FO,Faroese,fo,48000,0.95000
Fiji,FJ,English,en,870000,0.94000
Fiji,FJ,Hindi,hi,410000,0.44000
Fiji,FJ,Fiji Hindi,hif,380000,0.41000
Fiji,FJ,Fijian,fj,360000,0.39000
Fiji,FJ,Rotuman,rtm,2500,0.00270
Finland,FI,Finnish,fi,5200000,0.94000
Finland,FI,English,en,3900000,0.70000
Finland,FI,Swedish,sv,2400000,0.44000
Finland,FI,German,de,1000000,0.18000
Finland,FI,Russian,ru,45000,0.00810
Finland,FI,Estonian,et,6100,0.00110
Finland,FI,Kalo Finnish Romani,rmf,5000,0.00090
Finland,FI,Northern Sami,se,2000,0.00036
Finland,FI,Inari Sami,smn,610,0.00011
Finland,FI,Skolt Sami,sms,610,0.00011
France,FR,French,fr,67000000,0.99000
France,FR,English,en,26000000,0.39000
France,FR,Spanish,es,8800000,0.13000
France,FR,German,de,3400000,0.05000
France,FR,Occitan,oc,2000000,0.03000
France,FR,Italian,it,1100000,0.01700
France,FR,Portuguese,pt,880000,0.01300
France,FR,Picard,pcd,740000,0.01100
France,FR,Swiss German,gsw,610000,0.00910
France,FR,Breton,br,560000,0.00830
France,FR,Corsican,co,160000,0.00240
France,FR,Catalan,ca,110000,0.00170
France,FR,Basque,eu,88000,0.00130
France,FR,Dutch,nl,88000,0.00130
France,FR,Arpitan,frp,63000,0.00094
French Guiana,GF,French,fr,150000,0.77000
French Guiana,GF,Guianese Creole French,gcr,52000,0.26000
French Guiana,GF,Traditional Chinese,zh_Hant,5000,0.02500
French Polynesia,PF,French,fr,180000,0.61000
French Polynesia,PF,Tahitian,ty,90000,0.31000
French Polynesia,PF,Traditional Chinese,zh_Hant,23000,0.07800
Gabon,GA,French,fr,1300000,0.63000
Gabon,GA,Punu,puu,190000,0.09000
Gambia,GM,English,en,840000,0.40000
Gambia,GM,Mandingo,man,610000,0.29000
Georgia,GE,Georgian,ka,4200000,0.86000
Georgia,GE,Mingrelian,xmf,540000,0.11000
Georgia,GE,Russian,ru,440000,0.09000
Georgia,GE,Armenian,hy,340000,0.07000
Georgia,GE,Abkhazian,ab,110000,0.02200
Georgia,GE,Ossetic,os,110000,0.02200
Georgia,GE,Kurdish,ku,44000,0.00890
Germany,DE,German,de,73000000,0.91000
Germany,DE,English,en,51000000,0.64000
Germany,DE,French,fr,14000000,0.18000
Germany,DE,Bavarian,bar,14000000,0.17000
Germany,DE,Low German,nds,9700000,0.12000
Germany,DE,Dutch,nl,7200000,0.09000
Germany,DE,Italian,it,5600000,0.07000
Germany,DE,Spanish,es,4800000,0.06000
Germany,DE,Russian,ru,4800000,0.06000
Germany,DE,Main-Franconian,vmf,4800000,0.06000
Germany,DE,Turkish,tr,2000000,0.02500
Germany,DE,Swiss German,gsw,1900000,0.02300
Germany,DE,Danish,da,1600000,0.02000
Germany,DE,Swabian,swg,800000,0.01000
Germany,DE,Croatian,hr,640000,0.00790
Germany,DE,Kurdish,ku,530000,0.00660
Germany,DE,Greek,el,310000,0.00380
Germany,DE,Colognian,ksh,240000,0.00300
Germany,DE,Polish,pl,230000,0.00290
Germany,DE,Upper Sorbian,hsb,13000,0.00016
Germany,DE,Northern Frisian,frr,9700,0.00012
Germany,DE,Lower Sorbian,dsb,7000,0.00009
Germany,DE,Eastern Frisian,frs,2000,0.00003
Germany,DE,Saterland Frisian,stq,970,0.00001
Ghana,GH,Akan,ak,11000000,0.39000
Ghana,GH,English,en,5900000,0.21000
Ghana,GH,Ewe,ee,3100000,0.11000
Ghana,GH,Abron,abr,1400000,0.05000
Ghana,GH,Frafra,gur,980000,0.03500
Ghana,GH,Adangme,ada,840000,0.03000
Ghana,GH,Ga,gaa,790000,0.02800
Ghana,GH,Nzima,nzi,280000,0.01000
Ghana,GH,Hausa,ha,240000,0.00870
Ghana,GH,Safaliba,saf,3900,0.00014
Gibraltar,GI,English,en,24000,0.80000
Gibraltar,GI,Spanish,es,15000,0.50000
Greece,GR,Greek,el,11000000,0.99000
Greece,GR,English,en,5500000,0.51000
Greece,GR,French,fr,970000,0.09000
Greece,GR,German,de,540000,0.05000
Greece,GR,Pontic,pnt,400000,0.03700
Greece,GR,Macedonian,mk,170000,0.01600
Greece,GR,Turkish,tr,130000,0.01200
Greece,GR,Bulgarian,bg,29000,0.00270
Greece,GR,Albanian,sq,10000,0.00093
Greece,GR,Tsakonian,tsd,200,0.00002
Greenland,GL,Kalaallisut,kl,48000,0.84000
Greenland,GL,Danish,da,8100,0.14000
Grenada,GD,English,en,110000,0.96000
Guadeloupe,GP,French,fr,410000,0.90000
Guam,GU,English,en,150000,0.91000
Guam,GU,Chamorro,ch,37000,0.22000
Guatemala,GT,Spanish,es,15000000,0.93000
Guatemala,GT,Kʼicheʼ,quc,1200000,0.07000
Guernsey,GG,English,en,67000,1.00000
Guinea,GN,French,fr,3400000,0.29000
Guinea,GN,Fulah,ff,3100000,0.26000
Guinea,GN,Mandingo (N’Ko),man_Nkoo,2700000,0.23000
Guinea,GN,Susu,sus,1300000,0.11000
Guinea,GN,N’Ko,nqo,590000,0.05000
Guinea,GN,Kpelle,kpe,450000,0.03800
Guinea-Bissau,GW,Portuguese,pt,1800000,1.00000
Guinea-Bissau,GW,Mankanya,knf,48000,0.02600
Guyana,GY,English,en,740000,1.00000
Haiti,HT,Haitian Creole,ht,8700000,0.81000
Haiti,HT,French,fr,510000,0.04700
Heard & McDonald Islands,HM,Unknown language,und,1,1.00000
Honduras,HN,Spanish,es,7200000,0.78000
Honduras,HN,English,en,40000,0.00440
Hong Kong SAR China,HK,Traditional Chinese,zh_Hant,6900000,0.95000
Hong Kong SAR China,HK,Cantonese,yue,6500000,0.90000
Hong Kong SAR China,HK,English,en,3700000,0.51000
Hong Kong SAR China,HK,Chinese,zh,360000,0.05000
Hungary,HU,Hungarian,hu,9800000,1.00000
Hungary,HU,English,en,2000000,0.20000
Hungary,HU,German,de,1800000,0.18000
Hungary,HU,French,fr,290000,0.03000
Hungary,HU,Romanian,ro,97000,0.00990
Hungary,HU,Croatian,hr,31000,0.00320
Hungary,HU,Slovak,sk,11000,0.00110
Hungary,HU,Slovenian,sl,5000,0.00051
Iceland,IS,Icelandic,is,340000,1.00000
Iceland,IS,Danish,da,2200,0.00650
India,IN,Hindi,hi,530000000,0.41000
India,IN,English,en,250000000,0.19000
India,IN,Bangla,bn,110000000,0.08100
India,IN,Telugu,te,93000000,0.07200
India,IN,Marathi,mr,91000000,0.07000
India,IN,Tamil,ta,77000000,0.05900
India,IN,Urdu,ur,65000000,0.05000
India,IN,Gujarati,gu,58000000,0.04500
India,IN,Kannada,kn,48000000,0.03700
India,IN,Malayalam,ml,41000000,0.03200
India,IN,Odia,or,41000000,0.03200
India,IN,Punjabi,pa,36000000,0.02800
India,IN,Bhojpuri,bho,30000000,0.02300
India,IN,Awadhi,awa,23000000,0.01800
India,IN,Assamese,as,17000000,0.01300
India,IN,Haryanvi,bgc,16000000,0.01200
India,IN,Magahi,mag,16000000,0.01200
India,IN,Maithili,mai,16000000,0.01200
India,IN,Marwari,mwr,16000000,0.01200
India,IN,Chhattisgarhi,hne,14000000,0.01100
India,IN,Deccan,dcc,13000000,0.01000
India,IN,Kanauji,bjj,7300000,0.00560
India,IN,Nepali,ne,7300000,0.00560
India,IN,Santali,sat,7100000,0.00550
India,IN,Mewati,wtm,6000000,0.00460
India,IN,Rangpuri,rkt,5700000,0.00440
India,IN,Kashmiri,ks,5300000,0.00410
India,IN,Konkani,kok,4800000,0.00370
India,IN,Goan Konkani,gom,4100000,0.00320
India,IN,Shekhawati,swv,3600000,0.00280
India,IN,Garhwali,gbm,3500000,0.00270
India,IN,Lambadi,lmn,3500000,0.00270
India,IN,Sindhi,sd,3400000,0.00260
India,IN,Gondi,gon,3100000,0.00240
India,IN,Kumaoni,kfy,2900000,0.00220
India,IN,Dogri,doi,2600000,0.00200
India,IN,Kurukh,kru,2500000,0.00190
India,IN,Sadri,sck,2300000,0.00180
India,IN,Kangri,xnr,2100000,0.00160
India,IN,Khandesi,khn,1900000,0.00150
India,IN,Tulu,tcy,1900000,0.00150
India,IN,Wagdi,wbr,1900000,0.00150
India,IN,Bodo,brx,1800000,0.00140
India,IN,Nimadi,noe,1700000,0.00130
India,IN,Bhili,bhb,1600000,0.00120
India,IN,Manipuri,mni,1400000,0.00110
India,IN,Ho,hoc,1300000,0.00100
India,IN,Rajasthani,raj,1300000,0.00100
India,IN,Mewari,mtr,1300000,0.00098
India,IN,Mundari,unr,1200000,0.00094
India,IN,Bhilali,bhi,1200000,0.00092
India,IN,Hadothi,hoj,1100000,0.00082
India,IN,Khasi,kha,1000000,0.00080
India,IN,Kachhi,kfr,970000,0.00075
India,IN,Garo,grt,690000,0.00053
India,IN,Munda,unx,620000,0.00048
India,IN,Bagheli,bfy,480000,0.00037
India,IN,Sirmauri,srx,450000,0.00035
India,IN,Saurashtra,saz,380000,0.00029
India,IN,Chakma,ccp,360000,0.00028
India,IN,Sindhi (Devanagari),sd_Deva,340000,0.00026
India,IN,Badaga,bfq,300000,0.00023
India,IN,Ao Naga,njo,300000,0.00023
India,IN,Riang [India],ria,170000,0.00013
India,IN,Tibetan,bo,140000,0.00011
India,IN,Bishnupriya,bpy,88000,0.00007
India,IN,Balti,bft,80000,0.00006
India,IN,Braj,bra,53000,0.00004
India,IN,Lepcha,lep,45000,0.00004
India,IN,Bateri,btv,34000,0.00003
India,IN,Limbu,lif,34000,0.00003
India,IN,Lahnda,lah,32000,0.00003
India,IN,Sanskrit,sa,16000,0.00001
India,IN,Khamti,kht,9100,0.00001
Indonesia,ID,Indonesian,id,170000000,0.64000
Indonesia,ID,Javanese,jv,89000000,0.34000
Indonesia,ID,Sundanese,su,32000000,0.12000
Indonesia,ID,Madurese,mad,17000000,0.06300
Indonesia,ID,Malay (Arabic),ms_Arab,12000000,0.04600
Indonesia,ID,Minangkabau,min,7900000,0.03000
Indonesia,ID,Betawi,bew,5500000,0.02100
Indonesia,ID,Balinese,ban,4700000,0.01800
Indonesia,ID,Buginese,bug,4200000,0.01600
Indonesia,ID,Banjar,bjn,3900000,0.01500
Indonesia,ID,Achinese,ace,3700000,0.01400
Indonesia,ID,Sasak,sas,2500000,0.00970
Indonesia,ID,Batak Toba,bbc,2400000,0.00920
Indonesia,ID,Traditional Chinese,zh_Hant,2400000,0.00920
Indonesia,ID,Makasar,mak,1900000,0.00730
Indonesia,ID,Lampung Api,ljp,1800000,0.00690
Indonesia,ID,Rejang,rej,1200000,0.00460
Indonesia,ID,Gorontalo,gor,1100000,0.00410
Indonesia,ID,Ngaju,nij,970000,0.00370
Indonesia,ID,Komering,kge,840000,0.00320
Indonesia,ID,Uab Meto,aoz,710000,0.00270
Indonesia,ID,Kerinci,kvr,370000,0.00140
Indonesia,ID,Tolaki,lbw,340000,0.00130
Indonesia,ID,Gayo,gay,320000,0.00120
Indonesia,ID,Tae',rob,290000,0.00110
Indonesia,ID,Mandar,mdr,240000,0.00092
Indonesia,ID,Sangir,sxn,240000,0.00092
Indonesia,ID,Selayar,sly,140000,0.00054
Indonesia,ID,Mentawai,mwv,63000,0.00024
Iran,IR,Persian,fa,62000000,0.75000
Iran,IR,Azerbaijani (Arabic),az_Arab,20000000,0.24000
Iran,IR,Mazanderani,mzn,4200000,0.05000
Iran,IR,Gilaki,glk,3800000,0.04600
Iran,IR,Central Kurdish,ckb,3200000,0.03900
Iran,IR,Southern Kurdish,sdh,3100000,0.03700
Iran,IR,Turkmen,tk,2300000,0.02800
Iran,IR,Northern Luri,lrc,1700000,0.02100
Iran,IR,Arabic,ar,1700000,0.02000
Iran,IR,Baluchi,bal,1700000,0.02000
Iran,IR,Domari,rmt,1600000,0.01900
Iran,IR,Bakhtiari,bqi,1200000,0.01400
Iran,IR,Southern Luri,luz,1000000,0.01200
Iran,IR,Laki,lki,630000,0.00760
Iran,IR,Western Balochi,bgn,460000,0.00560
Iran,IR,Parsi-Dari,prd,420000,0.00500
Iran,IR,Armenian,hy,200000,0.00240
Iran,IR,Pashto,ps,130000,0.00160
Iran,IR,Georgian,ka,59000,0.00071
Iran,IR,Zoroastrian Dari,gbz,8000,0.00010
Iran,IR,Kazakh (Arabic),kk_Arab,3000,0.00004
Iraq,IQ,Arabic,ar,27000000,0.68000
Iraq,IQ,English,en,14000000,0.35000
Iraq,IQ,Central Kurdish,ckb,8000000,0.20000
Iraq,IQ,Azerbaijani (Arabic),az_Arab,720000,0.01800
Iraq,IQ,Persian,fa,350000,0.00870
Iraq,IQ,Northern Luri,lrc,250000,0.00610
Iraq,IQ,Syriac,syr,200000,0.00500
Ireland,IE,English,en,5000000,0.98000
Ireland,IE,Irish,ga,1100000,0.22000
Ireland,IE,French,fr,860000,0.17000
Isle of Man,IM,English,en,89000,1.00000
Isle of Man,IM,Manx,gv,1700,0.01900
Israel,IL,Hebrew,he,8400000,1.00000
Israel,IL,English,en,7200000,0.85000
Israel,IL,Arabic,ar,1700000,0.20000
Israel,IL,Russian,ru,930000,0.11000
Israel,IL,Romanian,ro,310000,0.03700
Israel,IL,Yiddish,yi,250000,0.03000
Israel,IL,Polish,pl,130000,0.01500
Israel,IL,Ladino,lad,110000,0.01300
Israel,IL,Hungarian,hu,84000,0.01000
Israel,IL,Amharic,am,50000,0.00590
Israel,IL,Tigrinya,ti,10000,0.00120
Israel,IL,Malayalam,ml,8000,0.00095
Italy,IT,Italian,it,59000000,0.95000
Italy,IT,English,en,21000000,0.34000
Italy,IT,French,fr,3900000,0.06300
Italy,IT,Sardinian,sc,1100000,0.01700
Italy,IT,German,de,1000000,0.01600
Italy,IT,Venetian,vec,810000,0.01300
Italy,IT,Neapolitan,nap,600000,0.00970
Italy,IT,Ligurian,lij,540000,0.00860
Italy,IT,Sicilian,scn,510000,0.00820
Italy,IT,Sassarese Sardinian,sdc,110000,0.00170
Italy,IT,Slovenian,sl,110000,0.00170
Italy,IT,Friulian,fur,37000,0.00060
Italy,IT,Emilian,egl,31000,0.00050
Italy,IT,Catalan,ca,22000,0.00035
Italy,IT,Greek,el,22000,0.00035
Italy,IT,Lombard,lmo,19000,0.00030
Italy,IT,Piedmontese,pms,6200,0.00010
Italy,IT,Croatian,hr,3500,0.00006
Jamaica,JM,English,en,2800000,0.98000
Jamaica,JM,Jamaican Creole English,jam,2700000,0.95000
Japan,JP,Japanese,ja,120000000,0.95000
Japan,JP,Central Okinawan,ryu,970000,0.00770
Japan,JP,Korean,ko,660000,0.00520
Jersey,JE,English,en,95000,0.95000
Jordan,JO,Arabic,ar,10000000,1.00000
Jordan,JO,English,en,4700000,0.45000
Kazakhstan,KZ,Russian,ru,13000000,0.72000
Kazakhstan,KZ,Kazakh,kk,12000000,0.64000
Kazakhstan,KZ,English,en,2800000,0.15000
Kazakhstan,KZ,German,de,1200000,0.06400
Kazakhstan,KZ,Uyghur (Cyrillic),ug_Cyrl,370000,0.02000
Kenya,KE,Swahili,sw,32000000,0.66000
Kenya,KE,English,en,9200000,0.19000
Kenya,KE,Kikuyu,ki,8200000,0.17000
Kenya,KE,Luyia,luy,5300000,0.11000
Kenya,KE,Luo,luo,4700000,0.09800
Kenya,KE,Kamba,kam,3700000,0.07600
Kenya,KE,Kalenjin,kln,3700000,0.07600
Kenya,KE,Gusii,guz,2400000,0.04900
Kenya,KE,Meru,mer,1900000,0.04000
Kenya,KE,Masai,mas,770000,0.01600
Kenya,KE,Embu,ebu,730000,0.01500
Kenya,KE,Somali,so,630000,0.01300
Kenya,KE,Taita,dav,400000,0.00820
Kenya,KE,Teso,teo,360000,0.00740
Kenya,KE,Pökoot,pko,340000,0.00700
Kenya,KE,Oromo,om,230000,0.00470
Kenya,KE,Samburu,saq,220000,0.00460
Kenya,KE,Arabic,ar,22000,0.00046
Kenya,KE,Punjabi,pa,10000,0.00021
Kenya,KE,Gujarati,gu,4800,0.00010
Kiribati,KI,English,en,110000,1.00000
Kiribati,KI,Gilbertese,gil,66000,0.60000
Kosovo,XK,Albanian,sq,1800000,0.92000
Kosovo,XK,Gheg Albanian,aln,1400000,0.74000
Kosovo,XK,Serbian,sr,95000,0.05000
Kosovo,XK,Serbian (Latin),sr_Latn,95000,0.05000
Kuwait,KW,Arabic,ar,2900000,1.00000
Kyrgyzstan,KG,Kyrgyz,ky,2800000,0.48000
Kyrgyzstan,KG,Russian,ru,2100000,0.36000
Laos,LA,Lao,lo,5000000,0.69000
Laos,LA,Khmu,kjg,420000,0.05800
Laos,LA,Kuy,kdt,69000,0.00960
Latvia,LV,Latvian,lv,1200000,0.61000
Latvia,LV,English,en,880000,0.46000
Latvia,LV,Russian,ru,730000,0.38000
Latvia,LV,Latgalian,ltg,170000,0.08900
Lebanon,LB,Arabic,ar,5200000,0.86000
Lebanon,LB,English,en,2400000,0.40000
Lebanon,LB,Armenian,hy,320000,0.05200
Lebanon,LB,Kurdish (Arabic),ku_Arab,100000,0.01700
Lebanon,LB,French,fr,23000,0.00370
Lesotho,LS,Southern Sotho,st,1900000,0.98000
Lesotho,LS,English,en,530000,0.27000
Lesotho,LS,Zulu,zu,270000,0.14000
Lesotho,LS,Swati,ss,47000,0.02400
Lesotho,LS,Xhosa,xh,20000,0.01000
Liberia,LR,English,en,4000000,0.83000
Liberia,LR,Kpelle,kpe,670000,0.14000
Liberia,LR,Vai,vai,130000,0.02600
Liberia,LR,Mende,men,23000,0.00480
Libya,LY,Arabic,ar,5000000,0.74000
Liechtenstein,LI,German,de,39000,1.00000
Liechtenstein,LI,Swiss German,gsw,33000,0.85000
Liechtenstein,LI,Walser,wae,1300,0.03400
Lithuania,LT,Lithuanian,lt,2400000,0.86000
Lithuania,LT,Russian,ru,2200000,0.80000
Lithuania,LT,English,en,1100000,0.38000
Lithuania,LT,German,de,390000,0.14000
Luxembourg,LU,French,fr,530000,0.87000
Luxembourg,LU,Luxembourgish,lb,410000,0.67000
Luxembourg,LU,German,de,380000,0.63000
Luxembourg,LU,English,en,340000,0.56000
Luxembourg,LU,Portuguese,pt,97000,0.16000
Macao SAR China,MO,Traditional Chinese,zh_Hant,590000,0.98000
Macao SAR China,MO,Portuguese,pt,30000,0.05000
Macao SAR China,MO,Chinese,zh,30000,0.05000
Macao SAR China,MO,English,en,14000,0.02300
Madagascar,MG,Malagasy,mg,23000000,0.90000
Madagascar,MG,French,fr,18000000,0.69000
Madagascar,MG,English,en,4600000,0.18000
Malawi,MW,English,en,13000000,0.63000
Malawi,MW,Nyanja,ny,13000000,0.63000
Malawi,MW,Tumbuka,tum,1700000,0.08400
Malawi,MW,Nyasa Tonga,tog,190000,0.00980
Malawi,MW,Zulu,zu,65000,0.00330
Malaysia,MY,Malay,ms,24000000,0.75000
Malaysia,MY,English,en,6700000,0.21000
Malaysia,MY,Traditional Chinese,zh_Hant,5400000,0.17000
Malaysia,MY,Tamil,ta,1300000,0.04200
Malaysia,MY,Iban,iba,800000,0.02500
Malaysia,MY,Javanese,jv,380000,0.01200
Malaysia,MY,Negeri Sembilan Malay,zmi,380000,0.01200
Malaysia,MY,Central Dusun,dtp,180000,0.00560
Malaysia,MY,Malayalam,ml,48000,0.00150
Malaysia,MY,Buginese,bug,25000,0.00079
Malaysia,MY,Banjar,bjn,5100,0.00016
Maldives,MV,Divehi,dv,370000,0.94000
Mali,ML,Bambara,bm,8500000,0.46000
Mali,ML,French,fr,8500000,0.46000
Mali,ML,Maasina Fulfulde,ffm,1400000,0.07700
Mali,ML,Soninke,snk,1100000,0.05900
Mali,ML,Kita Maninkakan,mwk,920000,0.05000
Mali,ML,Koyraboro Senni,ses,630000,0.03400
Mali,ML,Tamashek,tmh,390000,0.02100
Mali,ML,Bambara (N’Ko),bm_Nkoo,370000,0.02000
Mali,ML,Koyra Chiini,khq,310000,0.01700
Mali,ML,Tomo Kan Dogon,dtm,200000,0.01100
Mali,ML,Xaasongaxango,kao,180000,0.01000
Mali,ML,Arabic,ar,160000,0.00890
Mali,ML,Bomu,bmq,160000,0.00860
Mali,ML,Jenaama Bozo,bze,150000,0.00840
Malta,MT,Maltese,mt,450000,1.00000
Malta,MT,English,en,400000,0.88000
Malta,MT,Italian,it,250000,0.56000
Malta,MT,French,fr,49000,0.11000
Marshall Islands,MH,English,en,70000,0.93000
Marshall Islands,MH,Marshallese,mh,55000,0.73000
Martinique,MQ,French,fr,430000,0.98000
Mauritania,MR,Arabic,ar,3300000,0.85000
Mauritania,MR,French,fr,650000,0.17000
Mauritania,MR,Fulah,ff,220000,0.05700
Mauritania,MR,Wolof,wo,10000,0.00260
Mauritius,MU,Morisyen,mfe,1200000,0.90000
Mauritius,MU,English,en,980000,0.72000
Mauritius,MU,Bhojpuri,bho,370000,0.27000
Mauritius,MU,Urdu,ur,71000,0.05200
Mauritius,MU,French,fr,41000,0.03000
Mauritius,MU,Tamil,ta,34000,0.02500
Mayotte,YT,Comorian,swb,170000,0.88000
Mayotte,YT,French,fr,110000,0.57000
Mayotte,YT,Bushi,buc,45000,0.23000
Mayotte,YT,Swahili,sw,2700,0.01400
Mexico,MX,Spanish,es,100000000,0.83000
Mexico,MX,English,en,16000000,0.13000
Mexico,MX,Yucateco,yua,840000,0.00670
Mexico,MX,Eastern Huasteca Nahuatl,nhe,490000,0.00390
Mexico,MX,Western Huasteca Nahuatl,nhw,490000,0.00390
Mexico,MX,Central Mazahua,maz,430000,0.00340
Mexico,MX,Central Huasteca Nahuatl,nch,240000,0.00190
Mexico,MX,Seri,sei,880,0.00001
Micronesia,FM,English,en,59000,0.57000
Micronesia,FM,Chuukese,chk,31000,0.30000
Micronesia,FM,Pohnpeian,pon,24000,0.23000
Micronesia,FM,Kosraean,kos,8000,0.07700
Micronesia,FM,Yapese,yap,6600,0.06400
Micronesia,FM,Ulithian,uli,3000,0.02900
Moldova,MD,Romanian,ro,2200000,0.63000
Moldova,MD,Ukrainian,uk,480000,0.14000
Moldova,MD,Bulgarian,bg,320000,0.09400
Moldova,MD,Gagauz,gag,110000,0.03300
Moldova,MD,Russian,ru,100000,0.03000
Monaco,MC,French,fr,30000,0.99000
Mongolia,MN,Mongolian,mn,2900000,0.93000
Mongolia,MN,Kazakh (Arabic),kk_Arab,220000,0.07200
Mongolia,MN,Chinese,zh,43000,0.01400
Mongolia,MN,Russian,ru,4000,0.00130
Mongolia,MN,Uyghur (Cyrillic),ug_Cyrl,990,0.00032
Montenegro,ME,Serbian (Latin),sr_Latn,610000,1.00000
Montenegro,ME,Albanian,sq,49000,0.07900
Montenegro,ME,Serbian,sr,31000,0.05000
Montserrat,MS,English,en,3500,0.66000
Morocco,MA,Moroccan Arabic,ary,30000000,0.87000
Morocco,MA,Arabic,ar,21000000,0.62000
Morocco,MA,Standard Moroccan Tamazight,zgh,7500000,0.22000
Morocco,MA,French,fr,6900000,0.20000
Morocco,MA,English,en,4800000,0.14000
Morocco,MA,Central Atlas Tamazight,tzm,3400000,0.09800
Morocco,MA,Tachelhit,shi,3000000,0.08700
Morocco,MA,Tachelhit (Latin),shi_Latn,3000000,0.08700
Morocco,MA,Riffian,rif,1700000,0.04900
Morocco,MA,Riffian (Latin),rif_Latn,1700000,0.04900
Morocco,MA,Spanish,es,22000,0.00065
Mozambique,MZ,Portuguese,pt,7400000,0.27000
Mozambique,MZ,Makhuwa,vmw,3500000,0.13000
Mozambique,MZ,Ndau,ndc,2700000,0.09900
Mozambique,MZ,Tsonga,ts,2200000,0.07900
Mozambique,MZ,Lomwe,ngl,1900000,0.06800
Mozambique,MZ,Sena,seh,1300000,0.04600
Mozambique,MZ,Makhuwa-Meetto,mgh,1200000,0.04500
Mozambique,MZ,Ronga,rng,930000,0.03400
Mozambique,MZ,Nyanja,ny,710000,0.02600
Mozambique,MZ,Yao,yao,650000,0.02400
Mozambique,MZ,Swahili,sw,9300,0.00034
Mozambique,MZ,Zulu,zu,1800,0.00007
Myanmar (Burma),MM,Burmese,my,36000000,0.64000
Myanmar (Burma),MM,Shan,shn,3600000,0.06400
Myanmar (Burma),MM,Kachin,kac,950000,0.01700
Myanmar (Burma),MM,Mon,mnw,830000,0.01500
Myanmar (Burma),MM,Khamti,kht,4200,0.00008
Namibia,NA,Afrikaans,af,1900000,0.75000
Namibia,NA,Kuanyama,kj,890000,0.35000
Namibia,NA,Ndonga,ng,530000,0.21000
Namibia,NA,Nama,naq,280000,0.11000
Namibia,NA,Herero,hz,230000,0.09100
Namibia,NA,English,en,180000,0.07000
Namibia,NA,German,de,23000,0.00900
Namibia,NA,Tswana,tn,14000,0.00560
Nauru,NR,English,en,9400,0.97000
Nauru,NR,Nauru,na,6900,0.71000
Nepal,NP,Nepali,ne,13000000,0.44000
Nepal,NP,Maithili,mai,3300000,0.11000
Nepal,NP,Bhojpuri,bho,2000000,0.06800
Nepal,NP,Eastern Tamang,taj,1000000,0.03400
Nepal,NP,Newari,new,980000,0.03300
Nepal,NP,Jumli,jml,950000,0.03200
Nepal,NP,English,en,890000,0.03000
Nepal,NP,Dotyali,dty,740000,0.02500
Nepal,NP,Awadhi,awa,650000,0.02200
Nepal,NP,Dangaura Tharu,thl,590000,0.02000
Nepal,NP,Bantawa,bap,450000,0.01500
Nepal,NP,Western Tamang,tdg,390000,0.01300
Nepal,NP,Rana Tharu,thr,360000,0.01200
Nepal,NP,Limbu,lif,330000,0.01100
Nepal,NP,Eastern Magar,mgp,330000,0.01100
Nepal,NP,Kochila Tharu,thq,300000,0.01000
Nepal,NP,Western Magar,mrd,250000,0.00830
Nepal,NP,Gurung,gvr,210000,0.00710
Nepal,NP,Bagheli,bfy,160000,0.00540
Nepal,NP,Sherpa,xsr,150000,0.00520
Nepal,NP,Rajbanshi,rjs,130000,0.00440
Nepal,NP,Hindi,hi,120000,0.00420
Nepal,NP,Tibetan,bo,71000,0.00240
Nepal,NP,Kathoriya Tharu,tkt,71000,0.00240
Nepal,NP,Thulung,tdh,36000,0.00120
Nepal,NP,Bangla,bn,28000,0.00094
Nepal,NP,Mundari (Devanagari),unr_Deva,5600,0.00019
Nepal,NP,Lepcha,lep,2800,0.00010
Netherlands,NL,Dutch,nl,17000000,1.00000
Netherlands,NL,English,en,15000000,0.90000
Netherlands,NL,German,de,12000000,0.71000
Netherlands,NL,French,fr,5000000,0.29000
Netherlands,NL,Low German,nds,1900000,0.11000
Netherlands,NL,Limburgish,li,940000,0.05500
Netherlands,NL,Western Frisian,fy,740000,0.04300
Netherlands,NL,Gronings,gos,620000,0.03600
Netherlands,NL,Indonesian,id,310000,0.01800
Netherlands,NL,Zeelandic,zea,240000,0.01400
Netherlands,NL,Riffian (Latin),rif_Latn,210000,0.01200
Netherlands,NL,Turkish,tr,210000,0.01200
New Caledonia,NC,French,fr,270000,0.96000
New Zealand,NZ,English,en,4500000,0.98000
New Zealand,NZ,Maori,mi,130000,0.02800
Nicaragua,NI,Spanish,es,4700000,0.78000
Niger,NE,Hausa,ha,8100000,0.41000
Niger,NE,French,fr,5800000,0.29000
Niger,NE,Zarma,dje,3400000,0.17000
Niger,NE,Central-Eastern Niger Fulfulde,fuq,1400000,0.07000
Niger,NE,Tamashek,tmh,1200000,0.06000
Niger,NE,Arabic,ar,42000,0.00210
Niger,NE,Tasawaq,twq,7900,0.00040
Nigeria,NG,English,en,110000000,0.53000
Nigeria,NG,Nigerian Pidgin,pcm,43000000,0.21000
Nigeria,NG,Hausa,ha,26000000,0.13000
Nigeria,NG,Igbo,ig,26000000,0.13000
Nigeria,NG,Yoruba,yo,26000000,0.13000
Nigeria,NG,Nigerian Fulfulde,fuv,14000000,0.06700
Nigeria,NG,Tiv,tiv,3300000,0.01600
Nigeria,NG,Efik,efi,2800000,0.01400
Nigeria,NG,Ibibio,ibb,2800000,0.01400
Nigeria,NG,Hausa (Arabic),ha_Arab,2000000,0.01000
Nigeria,NG,Bini,bin,1400000,0.00710
Nigeria,NG,Jju,kaj,430000,0.00210
Nigeria,NG,Tyap,kcg,190000,0.00093
Nigeria,NG,Arabic,ar,140000,0.00071
Nigeria,NG,Atsam,cch,43000,0.00021
Nigeria,NG,Amo,amo,18000,0.00009
Niue,NU,English,en,1100,0.70000
Niue,NU,Niuean,niu,1100,0.70000
Norfolk Island,NF,English,en,1700,0.96000
North Korea,KP,Korean,ko,22000000,0.88000
North Macedonia,MK,Macedonian,mk,1400000,0.67000
North Macedonia,MK,Albanian,sq,530000,0.25000
North Macedonia,MK,Turkish,tr,74000,0.03500
Northern Mariana Islands,MP,English,en,50000,0.97000
Northern Mariana Islands,MP,Chamorro,ch,9400,0.18000
Norway,NO,Norwegian Bokmål,nb,5400000,1.00000
Norway,NO,Norwegian Nynorsk,nn,1300000,0.25000
Norway,NO,Northern Sami,se,16000,0.00290
Oman,OM,Arabic,ar,2800000,0.81000
Oman,OM,Baluchi,bal,170000,0.04900
Oman,OM,Persian,fa,33000,0.00940
Pakistan,PK,Urdu,ur,200000000,0.95000
Pakistan,PK,Punjabi (Arabic),pa_Arab,150000000,0.70000
Pakistan,PK,English,en,100000000,0.50000
Pakistan,PK,Lahnda,lah,83000000,0.40000
Pakistan,PK,Pashto,ps,31000000,0.15000
Pakistan,PK,Sindhi,sd,25000000,0.12000
Pakistan,PK,Saraiki,skr,19000000,0.09100
Pakistan,PK,Baluchi,bal,7700000,0.03700
Pakistan,PK,Brahui,brh,2700000,0.01300
Pakistan,PK,Northern Hindko,hno,2500000,0.01200
Pakistan,PK,Persian,fa,1400000,0.00660
Pakistan,PK,Western Balochi,bgn,1200000,0.00570
Pakistan,PK,Southern Hindko,hnd,850000,0.00410
Pakistan,PK,Tajik (Arabic),tg_Arab,690000,0.00330
Pakistan,PK,Gujari,gju,420000,0.00200
Pakistan,PK,Balti,bft,370000,0.00180
Pakistan,PK,Parkari Koli,kvx,330000,0.00160
Pakistan,PK,Khowar,khw,310000,0.00150
Pakistan,PK,Indus Kohistani,mvy,290000,0.00140
Pakistan,PK,Wadiyara Koli,kxp,250000,0.00120
Pakistan,PK,Kachi Koli,gjk,230000,0.00110
Pakistan,PK,Kashmiri,ks,140000,0.00069
Pakistan,PK,Bateri,btv,39000,0.00019
Palau,PW,Palauan,pau,16000,0.74000
Palau,PW,English,en,1900,0.08700
Panama,PA,Spanish,es,2600000,0.69000
Panama,PA,English,en,530000,0.14000
Panama,PA,Traditional Chinese,zh_Hant,6100,0.00160
Papua New Guinea,PG,Tok Pisin,tpi,5000000,0.71000
Papua New Guinea,PG,English,en,3500000,0.50000
Papua New Guinea,PG,Hiri Motu,ho,150000,0.02100
Paraguay,PY,Guarani,gn,5600000,0.80000
Paraguay,PY,Spanish,es,220000,0.03200
Paraguay,PY,German,de,200000,0.02900
Peru,PE,Spanish,es,23000000,0.73000
Peru,PE,Quechua,qu,4700000,0.15000
Peru,PE,Aymara,ay,500000,0.01600
Philippines,PH,English,en,68000000,0.64000
Philippines,PH,Filipino,fil,64000000,0.60000
Philippines,PH,Spanish,es,33000000,0.31000
Philippines,PH,Cebuano,ceb,25000000,0.24000
Philippines,PH,Iloko,ilo,10000000,0.09600
Philippines,PH,Hiligaynon,hil,8900000,0.08400
Philippines,PH,Bikol,bik,3200000,0.03000
Philippines,PH,Waray,war,3100000,0.02900
Philippines,PH,Albay Bicolano,bhk,2400000,0.02300
Philippines,PH,Pampanga,pam,2400000,0.02300
Philippines,PH,Pangasinan,pag,1500000,0.01400
Philippines,PH,Maguindanaon,mdh,1300000,0.01200
Philippines,PH,Tausug,tsg,1200000,0.01100
Philippines,PH,Traditional Chinese,zh_Hant,770000,0.00730
Philippines,PH,Capiznon,cps,700000,0.00660
Philippines,PH,Kinaray-a,krj,410000,0.00390
Philippines,PH,Rinconada Bikol,bto,300000,0.00280
Philippines,PH,Hanunoo,hnn,17000,0.00016
Philippines,PH,Tagbanwa,tbw,10000,0.00009
Philippines,PH,Buhid,bku,8000,0.00008
Pitcairn Islands,PN,English,en,46,0.85000
Poland,PL,Polish,pl,37000000,0.96000
Poland,PL,English,en,13000000,0.33000
Poland,PL,German,de,7300000,0.19000
Poland,PL,Russian,ru,6900000,0.18000
Poland,PL,Silesian,szl,500000,0.01300
Poland,PL,Belarusian,be,220000,0.00580
Poland,PL,Ukrainian,uk,150000,0.00390
Poland,PL,Kashubian,csb,50000,0.00130
Poland,PL,Lower Silesian,sli,12000,0.00031
Poland,PL,Lithuanian,lt,8100,0.00021
Portugal,PT,Portuguese,pt,9900000,0.96000
Portugal,PT,English,en,2800000,0.27000
Portugal,PT,French,fr,1600000,0.15000
Portugal,PT,Spanish,es,1000000,0.10000
Portugal,PT,Galician,gl,14000,0.00140
Puerto Rico,PR,Spanish,es,2900000,0.87000
Puerto Rico,PR,English,en,1600000,0.49000
Qatar,QA,Arabic,ar,2100000,0.89000
Qatar,QA,Persian,fa,260000,0.11000
Qatar,QA,Malayalam,ml,6600,0.00280
Réunion,RE,French,fr,700000,0.89000
Réunion,RE,Réunion Creole French,rcf,560000,0.71000
Réunion,RE,Tamil,ta,120000,0.15000
Romania,RO,Romanian,ro,19000000,0.90000
Romania,RO,English,en,6700000,0.31000
Romania,RO,French,fr,3600000,0.17000
Romania,RO,Spanish,es,2100000,0.10000
Romania,RO,Hungarian,hu,1400000,0.06600
Romania,RO,German,de,45000,0.00210
Romania,RO,Turkish,tr,28000,0.00130
Romania,RO,Serbian (Latin),sr_Latn,26000,0.00120
Romania,RO,Bulgarian,bg,6700,0.00031
Romania,RO,Greek,el,4100,0.00019
Romania,RO,Polish,pl,2800,0.00013
Russia,RU,Russian,ru,130000000,0.94000
Russia,RU,Tatar,tt,2000000,0.01400
Russia,RU,Bashkir,ba,1800000,0.01300
Russia,RU,Chuvash,cv,1800000,0.01300
Russia,RU,Armenian,hy,1200000,0.00840
Russia,RU,Chechen,ce,940000,0.00660
Russia,RU,Avaric,av,550000,0.00390
Russia,RU,Udmurt,udm,540000,0.00380
Russia,RU,Mari,chm,530000,0.00370
Russia,RU,Ossetic,os,450000,0.00320
Russia,RU,Sakha,sah,450000,0.00320
Russia,RU,Kabardian,kbd,440000,0.00310
Russia,RU,Erzya,myv,440000,0.00310
Russia,RU,Dargwa,dar,370000,0.00260
Russia,RU,Buriat,bua,310000,0.00220
Russia,RU,Moksha,mdf,300000,0.00210
Russia,RU,Kumyk,kum,280000,0.00200
Russia,RU,Komi,kv,260000,0.00180
Russia,RU,Lezghian,lez,260000,0.00180
Russia,RU,Karachay-Balkar,krc,240000,0.00170
Russia,RU,Ingush,inh,230000,0.00160
Russia,RU,Tuvinian,tyv,180000,0.00130
Russia,RU,Azerbaijani (Cyrillic),az_Cyrl,130000,0.00093
Russia,RU,Adyghe,ady,130000,0.00088
Russia,RU,Karelian,krl,120000,0.00082
Russia,RU,Lak,lbe,110000,0.00078
Russia,RU,Komi-Permyak,koi,64000,0.00045
Russia,RU,Western Mari,mrj,30000,0.00021
Russia,RU,Southern Altai,alt,20000,0.00014
Russia,RU,Finnish,fi,17000,0.00012
Russia,RU,Serbian (Latin),sr_Latn,5000,0.00004
Russia,RU,Veps,vep,3600,0.00003
Russia,RU,Mongolian,mn,2100,0.00002
Rwanda,RW,Kinyarwanda,rw,9400000,0.77000
Rwanda,RW,English,en,1800000,0.15000
Rwanda,RW,French,fr,2300,0.00019
Samoa,WS,Samoan,sm,200000,1.00000
Samoa,WS,English,en,4400,0.02200
San Marino,SM,Italian,it,30000,0.89000
San Marino,SM,Esperanto,eo,300,0.00890
São Tomé & Príncipe,ST,Portuguese,pt,170000,0.85000
Saudi Arabia,SA,Arabic,ar,33000000,1.00000
Senegal,SN,Wolof,wo,11000000,0.70000
Senegal,SN,French,fr,5900000,0.39000
Senegal,SN,Fulah,ff,3200000,0.21000
Senegal,SN,Serer,srr,1700000,0.11000
Senegal,SN,Jola-Fonyi,dyo,390000,0.02600
Senegal,SN,Saafi-Saafi,sav,230000,0.01500
Senegal,SN,Mandjak,mfv,120000,0.00770
Senegal,SN,Balanta-Ganja,bjt,92000,0.00610
Senegal,SN,Noon,snf,36000,0.00240
Senegal,SN,Mankanya,knf,32000,0.00210
Senegal,SN,Bassari,bsc,15000,0.00097
Senegal,SN,Hassaniyya,mey,7200,0.00048
Senegal,SN,Ménik,tnr,3500,0.00023
Serbia,RS,Serbian,sr,7000000,0.99000
Serbia,RS,Serbian (Latin),sr_Latn,7000000,0.99000
Serbia,RS,Albanian,sq,1300000,0.19000
Serbia,RS,Hungarian,hu,340000,0.04800
Serbia,RS,Romanian,ro,150000,0.02100
Serbia,RS,Croatian,hr,66000,0.00930
Serbia,RS,Slovak,sk,61000,0.00860
Seychelles,SC,Seselwa Creole French,crs,93000,0.98000
Seychelles,SC,French,fr,57000,0.60000
Seychelles,SC,English,en,36000,0.38000
Sierra Leone,SL,Krio,kri,6000000,0.95000
Sierra Leone,SL,English,en,2200000,0.35000
Sierra Leone,SL,Mende,men,1700000,0.27000
Sierra Leone,SL,Timne,tem,1600000,0.26000
Singapore,SG,English,en,5600000,0.93000
Singapore,SG,Chinese,zh,4600000,0.77000
Singapore,SG,Malay,ms,840000,0.14000
Singapore,SG,Tamil,ta,130000,0.02100
Singapore,SG,Malayalam,ml,10000,0.00170
Singapore,SG,Punjabi,pa,9600,0.00160
Sint Maarten,SX,English,en,29000,0.68000
Sint Maarten,SX,Spanish,es,4700,0.11000
Sint Maarten,SX,Virgin Islands Creole English,vic,3100,0.07300
Sint Maarten,SX,Dutch,nl,1600,0.03700
Slovakia,SK,Slovak,sk,4900000,0.90000
Slovakia,SK,Czech,cs,2600000,0.47000
Slovakia,SK,English,en,1400000,0.26000
Slovakia,SK,German,de,1200000,0.22000
Slovakia,SK,Hungarian,hu,600000,0.11000
Slovakia,SK,Ukrainian,uk,100000,0.01900
Slovakia,SK,Polish,pl,51000,0.00930
Slovenia,SI,Slovenian,sl,1800000,0.87000
Slovenia,SI,Croatian,hr,1300000,0.61000
Slovenia,SI,English,en,1200000,0.59000
Slovenia,SI,German,de,880000,0.42000
Slovenia,SI,Hungarian,hu,9200,0.00440
Slovenia,SI,Italian,it,4000,0.00190
Solomon Islands,SB,English,en,660000,1.00000
Solomon Islands,SB,Roviana,rug,9900,0.01500
Somalia,SO,Somali,so,8800000,0.78000
Somalia,SO,Arabic,ar,3800000,0.34000
Somalia,SO,Swahili,sw,230000,0.02000
Somalia,SO,Oromo,om,47000,0.00420
South Africa,ZA,English,en,17000000,0.31000
South Africa,ZA,Zulu,zu,13000000,0.24000
South Africa,ZA,Xhosa,xh,10000000,0.18000
South Africa,ZA,Afrikaans,af,7200000,0.13000
South Africa,ZA,Northern Sotho,nso,5200000,0.09400
South Africa,ZA,Tswana,tn,4500000,0.08200
South Africa,ZA,Southern Sotho,st,4400000,0.07900
South Africa,ZA,Tsonga,ts,2400000,0.04400
South Africa,ZA,Swati,ss,1500000,0.02700
South Africa,ZA,Venda,ve,1300000,0.02300
South Africa,ZA,Hindi,hi,1100000,0.02000
South Africa,ZA,South Ndebele,nr,890000,0.01600
South Africa,ZA,Swahili,sw,1000,0.00002
South Georgia & South Sandwich Islands,GS,Unknown language,und,20,1.00000
South Korea,KR,Korean,ko,51000000,1.00000
South Sudan,SS,Arabic,ar,2800000,0.27000
South Sudan,SS,English,en,2800000,0.27000
South Sudan,SS,Nuer,nus,570000,0.05600
Spain,ES,Spanish,es,49000000,0.99000
Spain,ES,English,en,12000000,0.24000
Spain,ES,Catalan,ca,8400000,0.17000
Spain,ES,Galician,gl,3500000,0.07000
Spain,ES,Basque,eu,990000,0.02000
Spain,ES,Asturian,ast,640000,0.01300
Spain,ES,Extremaduran,ext,240000,0.00490
Sri Lanka,LK,Sinhala,si,15000000,0.68000
Sri Lanka,LK,Tamil,ta,3400000,0.15000
Sri Lanka,LK,English,en,2300000,0.10000
St. Barthélemy,BL,French,fr,6900,0.96000
St. Helena,SH,English,en,5400,0.69000
St. Kitts & Nevis,KN,English,en,52000,0.98000
St. Lucia,LC,English,en,150000,0.90000
St. Martin,MF,French,fr,32000,1.00000
St. Pierre & Miquelon,PM,French,fr,5100,0.93000
St. Pierre & Miquelon,PM,English,en,190,0.03400
St. Vincent & Grenadines,VC,English,en,98000,0.96000
Sudan,SD,Arabic,ar,26000000,0.61000
Sudan,SD,English,en,26000000,0.61000
Sudan,SD,Beja,bej,2300000,0.05400
Sudan,SD,Fur,fvr,1200000,0.02700
Sudan,SD,Hausa (Arabic),ha_Arab,780000,0.01800
Sudan,SD,Masalit,mls,430000,0.00990
Sudan,SD,Nobiin,fia,360000,0.00830
Sudan,SD,Zaghawa,zag,220000,0.00510
Suriname,SR,Dutch,nl,540000,0.90000
Suriname,SR,Sranan Tongo,srn,410000,0.68000
Suriname,SR,Traditional Chinese,zh_Hant,7200,0.01200
Svalbard & Jan Mayen,SJ,Norwegian Bokmål,nb,1500,0.58000
Svalbard & Jan Mayen,SJ,Russian,ru,1200,0.46000
Sweden,SE,Swedish,sv,9500000,0.95000
Sweden,SE,English,en,8600000,0.86000
Sweden,SE,Finnish,fi,220000,0.02200
Sweden,SE,Tornedalen Finnish,fit,55000,0.00550
Sweden,SE,Northern Sami,se,33000,0.00330
Sweden,SE,Tavringer Romani,rmu,9500,0.00095
Sweden,SE,Yiddish,yi,3000,0.00030
Sweden,SE,Lule Sami,smj,1500,0.00015
Sweden,SE,Southern Sami,sma,300,0.00003
Switzerland,CH,German,de,6100000,0.73000
Switzerland,CH,Swiss German,gsw,5400000,0.65000
Switzerland,CH,English,en,5100000,0.61000
Switzerland,CH,French,fr,1700000,0.21000
Switzerland,CH,Italian,it,360000,0.04300
Switzerland,CH,Lombard,lmo,340000,0.04100
Switzerland,CH,Portuguese,pt,280000,0.03400
Switzerland,CH,Romansh,rm,41000,0.00500
Switzerland,CH,Sinte Romani,rmo,24000,0.00290
Switzerland,CH,Walser,wae,10000,0.00120
Syria,SY,Arabic,ar,16000000,0.80000
Syria,SY,Kurdish,ku,1600000,0.08000
Syria,SY,French,fr,1100000,0.05900
Syria,SY,Armenian,hy,350000,0.01800
Syria,SY,Syriac,syr,16000,0.00084
Taiwan,TW,Traditional Chinese,zh_Hant,22000000,0.95000
Taiwan,TW,Taroko,trv,4700,0.00020
Tajikistan,TJ,Tajik,tg,8600000,1.00000
Tajikistan,TJ,Russian,ru,1000000,0.12000
Tajikistan,TJ,Persian,fa,67000,0.00780
Tajikistan,TJ,Arabic,ar,1000,0.00012
Tanzania,TZ,Swahili,sw,50000000,0.90000
Tanzania,TZ,English,en,38000000,0.69000
Tanzania,TZ,Sukuma,suk,4800000,0.08700
Tanzania,TZ,Nyamwezi,nym,1800000,0.03300
Tanzania,TZ,Makonde,kde,1300000,0.02400
Tanzania,TZ,Bena,bez,940000,0.01700
Tanzania,TZ,Shambala,ksb,940000,0.01700
Tanzania,TZ,Masai,mas,830000,0.01500
Tanzania,TZ,Mbunga,mgy,780000,0.01400
Tanzania,TZ,Asu,asa,670000,0.01200
Tanzania,TZ,Langi,lag,480000,0.00870
Tanzania,TZ,Machame,jmc,420000,0.00750
Tanzania,TZ,Rombo,rof,420000,0.00750
Tanzania,TZ,Vunjo,vun,420000,0.00750
Tanzania,TZ,Rwa,rwk,120000,0.00220
Tanzania,TZ,Sangu,sbp,110000,0.00200
Thailand,TH,Thai,th,55000000,0.80000
Thailand,TH,English,en,19000000,0.27000
Thailand,TH,Northeastern Thai,tts,16000000,0.24000
Thailand,TH,Northern Thai,nod,6600000,0.09600
Thailand,TH,Southern Thai,sou,5500000,0.08000
Thailand,TH,Pattani Malay,mfa,3400000,0.05000
Thailand,TH,Traditional Chinese,zh_Hant,1200000,0.01800
Thailand,TH,Northern Khmer,kxm,1200000,0.01700
Thailand,TH,Kuy,kdt,330000,0.00480
Thailand,TH,Mon,mnw,120000,0.00170
Thailand,TH,Shan,shn,66000,0.00096
Thailand,TH,Western Lawa,lcp,6900,0.00010
Thailand,TH,Eastern Lawa,lwl,6900,0.00010
Timor-Leste,TL,Portuguese,pt,780000,0.59000
Timor-Leste,TL,Tetum,tet,780000,0.59000
Togo,TG,French,fr,5000000,0.61000
Togo,TG,Ewe,ee,1400000,0.17000
Togo,TG,Ifè,ife,110000,0.01300
Tokelau,TK,English,en,1300,1.00000
Tokelau,TK,Tokelau,tkl,1300,1.00000
Tonga,TO,Tongan,to,100000,0.95000
Tonga,TO,English,en,30000,0.28000
Trinidad & Tobago,TT,English,en,1100000,0.88000
Trinidad & Tobago,TT,Spanish,es,4100,0.00340
Tristan da Cunha,TA,English,en,270,0.99000
Tunisia,TN,Tunisian Arabic,aeb,10000000,0.90000
Tunisia,TN,Arabic,ar,10000000,0.90000
Tunisia,TN,French,fr,8500000,0.74000
Turkey,TR,Turkish,tr,76000000,0.93000
Turkey,TR,English,en,14000000,0.17000
Turkey,TR,Kurdish,ku,4500000,0.05500
Turkey,TR,Zaza,zza,1100000,0.01400
Turkey,TR,Kabardian,kbd,630000,0.00770
Turkey,TR,Azerbaijani,az,600000,0.00740
Turkey,TR,Azerbaijani (Arabic),az_Arab,530000,0.00650
Turkey,TR,Arabic,ar,460000,0.00560
Turkey,TR,Balkan Gagauz Turkish,bgx,370000,0.00460
Turkey,TR,Bulgarian,bg,340000,0.00420
Turkey,TR,Adyghe,ady,320000,0.00390
Turkey,TR,Kirmanjki,kiu,150000,0.00190
Turkey,TR,Armenian,hy,46000,0.00056
Turkey,TR,Georgian,ka,46000,0.00056
Turkey,TR,Laz,lzz,23000,0.00028
Turkey,TR,Serbian (Latin),sr_Latn,23000,0.00028
Turkey,TR,Albanian,sq,17000,0.00021
Turkey,TR,Abkhazian,ab,4000,0.00005
Turkey,TR,Greek,el,4000,0.00005
Turkey,TR,Turoyo,tru,3000,0.00004
Turkey,TR,Uzbek,uz,2000,0.00002
Turkey,TR,Kyrgyz (Latin),ky_Latn,1100,0.00001
Turkey,TR,Kazakh,kk,570,0.00001
Turkmenistan,TM,Turkmen,tk,3800000,0.70000
Turkmenistan,TM,Russian,ru,650000,0.12000
Turkmenistan,TM,Uzbek,uz,490000,0.09000
Turkmenistan,TM,Kurdish,ku,22000,0.00410
Turks & Caicos Islands,TC,English,en,53000,0.98000
Tuvalu,TV,Tuvalu,tvl,9900,0.89000
Tuvalu,TV,English,en,1100,0.09600
U.S. Outlying Islands,UM,English,en,320,1.00000
U.S. Virgin Islands,VI,English,en,80000,0.75000
Uganda,UG,Swahili,sw,31000000,0.75000
Uganda,UG,Ganda,lg,5300000,0.13000
Uganda,UG,Nyankole,nyn,2600000,0.06300
Uganda,UG,Chiga,cgg,2200000,0.05400
Uganda,UG,Soga,xog,2200000,0.05300
Uganda,UG,English,en,1600000,0.03900
Uganda,UG,Teso,teo,1600000,0.03900
Uganda,UG,Lango [Uganda],laj,1600000,0.03800
Uganda,UG,Acoli,ach,1500000,0.03700
Uganda,UG,Masaaba,myx,1200000,0.02900
Uganda,UG,Kinyarwanda,rw,860000,0.02100
Uganda,UG,Tooro,ttj,780000,0.01900
Uganda,UG,Hindi,hi,2200,0.00005
Ukraine,UA,Ukrainian,uk,29000000,0.65000
Ukraine,UA,Russian,ru,20000000,0.46000
Ukraine,UA,Polish,pl,1100000,0.02400
Ukraine,UA,Yiddish,yi,570000,0.01300
Ukraine,UA,Rusyn,rue,530000,0.01200
Ukraine,UA,Belarusian,be,360000,0.00830
Ukraine,UA,Crimean Turkish,crh,250000,0.00560
Ukraine,UA,Romanian,ro,230000,0.00520
Ukraine,UA,Bulgarian,bg,220000,0.00490
Ukraine,UA,Turkish,tr,180000,0.00420
Ukraine,UA,Hungarian,hu,160000,0.00370
Ukraine,UA,Greek,el,7000,0.00016
United Arab Emirates,AE,Arabic,ar,7600000,0.78000
United Arab Emirates,AE,English,en,4900000,0.50000
United Arab Emirates,AE,Malayalam,ml,680000,0.07000
United Arab Emirates,AE,Pashto,ps,280000,0.02900
United Arab Emirates,AE,Baluchi,bal,220000,0.02300
United Arab Emirates,AE,Persian,fa,180000,0.01900
United Kingdom,GB,English,en,64000000,0.99000
United Kingdom,GB,French,fr,12000000,0.19000
United Kingdom,GB,German,de,3900000,0.06000
United Kingdom,GB,Scots,sco,1800000,0.02700
United Kingdom,GB,Punjabi,pa,510000,0.00790
United Kingdom,GB,Welsh,cy,500000,0.00770
United Kingdom,GB,Bangla,bn,440000,0.00670
United Kingdom,GB,Traditional Chinese,zh_Hant,350000,0.00540
United Kingdom,GB,Sylheti,syl,330000,0.00500
United Kingdom,GB,Greek,el,220000,0.00340
United Kingdom,GB,Italian,it,220000,0.00340
United Kingdom,GB,Kashmiri,ks,120000,0.00190
United Kingdom,GB,Scottish Gaelic,gd,64000,0.00099
United Kingdom,GB,Yiddish,yi,32000,0.00049
United Kingdom,GB,Malayalam,ml,23000,0.00035
United Kingdom,GB,Irish,ga,17000,0.00026
United Kingdom,GB,Cornish,kw,2000,0.00003
United States,US,English,en,320000000,0.96000
United States,US,Spanish,es,32000000,0.09600
United States,US,Traditional Chinese,zh_Hant,2300000,0.00690
United States,US,French,fr,1800000,0.00560
United States,US,German,de,1500000,0.00470
United States,US,Filipino,fil,1400000,0.00420
United States,US,Italian,it,1100000,0.00340
United States,US,Vietnamese,vi,1100000,0.00340
United States,US,Korean,ko,990000,0.00300
United States,US,Russian,ru,790000,0.00240
United States,US,Navajo,nv,170000,0.00051
United States,US,Yiddish,yi,160000,0.00049
United States,US,Pennsylvania German,pdc,130000,0.00039
United States,US,Hawaiian,haw,29000,0.00009
United States,US,Cajun French,frc,28000,0.00009
United States,US,Cherokee,chr,25000,0.00008
United States,US,Central Yupik,esu,20000,0.00006
United States,US,Dakota,dak,19000,0.00006
United States,US,Choctaw,cho,11000,0.00003
United States,US,Lakota,lkt,8200,0.00003
United States,US,Inupiaq,ik,7900,0.00002
United States,US,Creek,mus,4000,0.00001
Uruguay,UY,Spanish,es,3000000,0.88000
Uzbekistan,UZ,Uzbek,uz,26000000,0.85000
Uzbekistan,UZ,Uzbek (Cyrillic),uz_Cyrl,4500000,0.15000
Uzbekistan,UZ,Russian,ru,4200000,0.14000
Uzbekistan,UZ,Kara-Kalpak,kaa,480000,0.01600
Uzbekistan,UZ,Turkish,tr,230000,0.00760
Vanuatu,VU,Bislama,bi,260000,0.90000
Vanuatu,VU,English,en,240000,0.83000
Vanuatu,VU,French,fr,140000,0.50000
Vatican City,VA,Italian,it,820,0.82000
Vatican City,VA,Latin,la,820,0.82000
Venezuela,VE,Spanish,es,26000000,0.82000
Vietnam,VN,Vietnamese,vi,83000000,0.86000
Vietnam,VN,Traditional Chinese,zh_Hant,1100000,0.01100
Vietnam,VN,Eastern Cham,cjm,86000,0.00089
Wallis & Futuna,WF,Wallisian,wls,9500,0.60000
Wallis & Futuna,WF,French,fr,7600,0.48000
Wallis & Futuna,WF,East Futuna,fud,4900,0.31000
Western Sahara,EH,Arabic,ar,620000,1.00000
Yemen,YE,Arabic,ar,21000000,0.74000
Yemen,YE,English,en,2600000,0.09000
Zambia,ZM,Bemba,bem,5100000,0.31000
Zambia,ZM,English,en,2600000,0.16000
Zambia,ZM,Nyanja,ny,2500000,0.15000
Zambia,ZM,Lozi,loz,990000,0.06000
Zimbabwe,ZW,Shona,sn,11000000,0.81000
Zimbabwe,ZW,English,en,5900000,0.42000
Zimbabwe,ZW,North Ndebele,nd,1700000,0.12000
Zimbabwe,ZW,Manyika,mxc,910000,0.06500
Zimbabwe,ZW,Ndau,ndc,860000,0.06100
Zimbabwe,ZW,Kalanga,kck,740000,0.05300
Zimbabwe,ZW,Nyanja,ny,270000,0.01900
Zimbabwe,ZW,Venda,ve,90000,0.00640
Zimbabwe,ZW,Tswana,tn,31000,0.00220
